gamma,MS,ML,lambda
11/25,-5152019588546763659315960426410401579/230379471259686919852290875342078033360,-1430500655513337514147369083542204161687171423208938704937974863254357/106963539519797784732974038631535457216747553687632867447080669329151680,-7420717190864763868178815128464889715/104880735173140864693717847381759065978
441/1000,-46895546044827682642457004623128924152642066148458853860536937/2137895891514808199994028728451088363176552551584467714081512080,-10646529461924076172566451224390891544050411497855339342527607126380551573872763508354893722267309465867809422739219/821448279329188054672354857417598882122026178503849069430647289662353592211834182496581502725408021560591770830586560,-9451918981463590928379998722199097007099080938263128436231735/139057593435737692613394453350022735809589400438967540732040862
221/500,-530960204876871750823923903051702724830854927/24685235437124606406696567969942598234802653680,-49417591277107825221176673467130935607025147083686181524914896787978976042896513651/3937881172222257394833359311670332816184400234411857769209968745391441997350854082240,-8053851846734149915945598595528654860414245/123525695495426633681718744097863187251027354
443/1000,-45789347326174851022926691662360995593190091386893536844135233/2171683382626465355774869902217271081502115887395099645090120720,-1466432770809321761701255800322107641302323287180203568148394189251593049021567293485716556375460009205544089433213/120798204443567640294951007806905786443962887560510500361751548013760335216991671064066211769205047604667772629709120,-8822169683664823556382114778489109188464550505127039784339615/141291520650035609749076951753352922187973189474633091757464558
111/250,-168471947229096270174704795619137618837216472084603897/8153757992315536249684142559311264365127217127520078480,-2234766792373861965495962355948444095000382267259898435763539016214457657053548939973780146151554499/190494552805504682277178873668557305389314346861198884871570534385896630055411339593584752015157293760,-31669254625013683869243294861172224408080421333345535/530560095678359090015046671476978120053403766985949822
89/200,-509826487377293310585755390732749091870051771/25188220185731084646048301703068669892572958640,-289162041804735885001973286663049459314782459672996161622507743055569616091766325059/25533324166357335730855435271597912055830697238290415324967084330224433138995267604160,-93355818688312020995517869971293727294436005/1639201665386551500147758849010414487860521946
223/500,-274557183495886153771993984924541997034408955353311/13851762747527564587922731363824965395203813115136240,-806234978864946029983390324975712634775722624571581806374246163757656112649173294272341660441/73831053841998057969788327970433165619233581741319905823115536512852660982489717462009337291840,-2024920547592052020982125059599218662051226775615/37343101572417411037855534272142797560928416315758
447/1000,-126754813238798752607984661305342429580744921061182084679311/6532689720370464291967535736249285820259351649261242671616240,-560612191031488465877539564220287563034750677257803618600181979915928360730123354027874916119033073566443552773/53306762128048152537163016695881117223276476055899610346937378172404141387596446864787581671280039694115545203520,-153328377654431850119493861883356115364930267438802417698935/2976762144178216197031662038689145849384869479920624772067102
56/125,-10367435799145472808844667618703782941/546032776497284961406634016921497132940,-154805057049860702467004894123018519315702899767344036607222719672767/15304441725876249916157783228930865859582229764764784109761624551256080,-216865490202168738398456180096128560/4443690435177326162394656228043839027
449/1000,-42269555644903647964949883186744650659983099459073729064331417/2275966731519210065036556571817123550203690256047125638220795280,-8958788518797737579746113297554138704529365435311069034415126787809855641151947568839594743907677235971936436843459/922164171677104794254039937503565795045642833887645372067885158959122187076786781604807293348313284346960258627604160,-6833186569597373924328485371132015877511339661031940816976135/148198202278494025611976991039393393504727695370529730367745342
9/20,-68244044345728064091897932675255291337/3758131545210945479567133991701457723280,-8356107859806159917753396934802496827987154018099875001593544944905877/896917835544103614021586698902782973566473489645746402078094728096924480,-10627917315344517543290696865619168135/244743913736946485952985044818455008382
451/1000,-317696564474760781374576329820045230051573727450132059/17900878393840711701525639996103836175172238513823024560,-4568706219959426964772750003569552552369474994532536697071116784796696869287331881035590456172459899/512211941702705683852999879498734968766717525674261579063298832624571188136678593190983814531883629760,-142542415292351139593015094988670462716270749557993935/3497835288071788478251474031685915672123160797541281102
113/250,-150475896200322353472327224885957618398522239291368313/8679144879938217611999025832695949963702547045388267920,-1822555649584533995041683308651043180758681551115466709039084069838855913488118142390786134054946531/213808804754046877281607876823780928112701901991092720022225740201561902113925402296387301800248053440,-21535166377604826355127295001983816042326086541872015/565386538104783389682798887268111930674642605435988638
453/1000,-115888708019475622463536419757453008996738445941439826345511/6845439790809755503260649797941139309266163293552378709104240,-472566352860140244429723078488397288139860909835353267916047773723033461096139064832919475607656255752222822173/58122882655022548347681993658380192396503274163321799964355994185157783708251309430218932721184967320780474419520,-110636413522274215502502144725368194531921233306214546545935/3122005162350541207919944842554995488858004366964590969239502
227/500,-484860930931163856642756531599379951829812064453/29345314736145038869605493381474126671683115485520,-297210811203499929683190256924879662337510521841603334682151618564995771433495965231218813/38407902420121361006385633681560360854634006926262744695056165449606026901548421396621133120,-439001504674422395880786624184780035589856241005/13385594170415910690260811039253732967154167435946
91/200,-16960740699981728645360581354361917547437147509/1052321708183176335743365520043779235682930548560,-35960398981981315788276221219821943449125139666421475706411356962375387219430182968531/4894148224788483238620113092269739070623384873723798293818097417603896536998483601269440,-159144837412725141468164100556612118331747415/5275620637493501909135542731595125578098564318
57/125,-8586966570056976005530868346804154524385416500733/546457965407281743132391837601027388389070457580720,-23482847110406305138900878015016459585455664253009929581742661428355608253650905976332461491/3374679410392339588365646689257079964237503088434100587479010396420031333334988168297952043840,-981192793248996508538642318385263348140081722115/35619973841379960604648092950649400381546903296058
457/1000,-2584604037356010933710247956810907427650110043523112219/168797696739171481509364498548089516350998894332448918960,-42456881969305313150512799881876847670832522258241669829445502316224036757432668586650203738549704133/6461255699424117188835766447947438928615989529745225307313612647579282674263513994567627053588880089920,-274417174340610181155872561609108522031922810413429445/11004560843640906246483129847175632215107118311411015194
229/500,-2221516469836892855106775486749825323189573988017981816577/148981276827735416958366414215085919422606191370679239249680,-96739403779428281289528510620461313200893732028292169548413291134984643204552387291280350785192520053844939/15641003758134478135498517794078781541823680953357477076296756826709782349649795727364881462004877434638599360,-216992991743243212099262810544851223983624265356728385935/9714225069947761732081302403486248850003444626522100767502
459/1000,-1249923079833805935730436613280601372357968651226029211217/86127542647983762461001546720158154083555781782225472427280,-582440257100527594592835750405801026064685647017799825674824665561424955066693107191577592570832064388503/100411912137874607589543701292463785066790399762223381061646204739314718940288467090703584300108040234998720,-656369948286835824396902521586342367131938240145175415/33235559329725765647734501577057533835856881246613445918
23/50,-4339381391911473562049294833063453/307428385176583235855969007231821520,-2267989693584232679520671027901222369203418261383931811689455813/418636976778317025795585006064121748229796120920705219557981837120,-2410188752688063022169191283475005/140365931356850738361523381592986746
461/1000,-99924614576239383296638694631337571430306768898889108436279/7283525598857610179910892337707011893737715885339173086869360,-328346827630155469268741487282833340202526462853977674636210491425328085092333033468507976455526705914712803757/65198334357754308255398154661711979369974452512523658330875317148778885828629057317151548497536854432936759823680,-48570007731387823557127791277677726664673614352976953261215/3326077452350392648125477598116267142969481092470933158327278
231/500,-2047568069019302520100146020132447263357055839934885478057/153664062763489378709533980708551718301572077197452139732880,-77125666961794782713229306467232064924629657102266746091679190706964981503424004077639070080108761623462579/16564075892794514615734915099196303221408498670189496364298135904887747598474020071040016373461366165696992960,-120767181580943167007894001001476952469816388170595155335/10026256837854483584565922943995872221657547126055297401982
463/1000,-254072096696863686847189197057956415447963558341264851/19646489351746603337469235184729753816978760582458049840,-2603171600500375381317074864541789959844745263468850280633397853177584657557695923969335941887640291/608532602746009546784135694542359119181197642064746032140538945534903130964551851077534887125894235840,-36531047048765203843467263570708720843123158428074215/3846338091705646623639745001091596200491106299214426878
58/125,-1779950458447536405783120054013722635820036333/141931279995444506406315515463235368076052714720,-62856634386440048756621389246776836939833108874019515182270644939224812543022668979/16113497629215667905792378134381451708032087323134967659237891821775411069554566648960,-16119976221667643652095832786705230706653935/2315980937606333222204140109187082205952853102
93/200,-5129626153444491544946607105231426205896630902722833/422150188782006879580349492219957460284183278525928720,-2745245583881825393226648851858137367644318320254829954611693871192676997486794246495212660991291/778694705557461677451382147922011884345660046704794815727103275138688406159373583838562904727067840,-122172771698486130330611557186239339021374367625615/27558801237105382532620077084144204346135046568599758
233/500,-129918587071001040988229698790491344444374877547099/11044727906240269701151660873224927365789816119658160,-2416224812085703963602889630811727134702277467016786277146486623043949067453711894242444457411/766688149525018968042500083787332664996361045673434498834600781513443742157006598085313916584640,-1381800161248738042140947569300047854199693325845/721150165972052533359209193926237445138088364798074
467/1000,-86784409786043244204113071885515479901584912600228888482551/7628584616166826365691359689625712348069745236018230554537840,-197425632215496012653130897881750456455486734795140287769242073682526938914288890454787024132804209894797417453/71040583795348033062328122645422413206879469029428216060598153297030949336058069491121963225464675209021317606720,2060661549437257392167754902568438680442514807384084125665/3487312859495172109006150202015132263780349968005892348076782
117/250,-847745125817289498898864869727354538137189107/77131044408230849258889510819212029242212824880,-39928635032594589418993049886759004802199118016221247122903922848604339899955608771/16581150272891119935514104855069391431678689068127092037138331459651246843110033551040,8376742228709049170961718673278719974487185/2712763170510388790981177104066465741193675998
469/1000,-1964274201076154093134241147326505216428978790051567651/185182787816292867521816055058912248385369759098124641840,-109476530904196478731203593826154183085905017047226362323728868138959887207576726920085987929023457339/53702815365004875086656570476889604126302541990851426798398173724280515879706284907011160010546398215360,67444716338983814706453026429176978908851347050694595/12097859384162284038098471101238589681076691623534284426
47/100,-273789977342601453076849438190227214314604337273/26776665372128293768564653922752683408481446322320,-20817788343712124713924649537314818682263666360308298315589341438617053565785247658740611/12461912702218189996801090064678800676510589516571947114845442717952386096005313224727976640,14088044609058113285009457577419843331659618185/1749625867366690167423674489119731613989213736798
471/1000,-26562530208912816137724389500408115676112227814540968957879177/2698305596587459021412548603057217055244069093281126024060993680,-235465233156036234128049442405310082034268389105560600821539125945755648464356822904230125039932463267038101842677/180582520625884042398011984785938566155213138458351830334301823815161491968683930943746336791211939566971490745884480,1855010068706800349887691889806994505477620475358784218241065/176344316143528602850141249124397420787471166874965133597019102
59/125,-14278547476198437454668836066811921431/1508590343737511769111039842921000897040,-16417132775151267101603985298320922436588379057749975538795697346623/17487767181928799265055435692553598855307928921839652620805046439827520,7571801060500331485365530083462655/583495386033796426724364595003141374
473/1000,-24898443297238075934871881237200229430252822311522253691712553/2740016684035828933347504258046409034764345354367192186248869520,-747945242906165536385365157549827433221028818786247803645930664772795177152349490597607035914026099312204677424851/1300593076068767507809027888310343070289042415598357787586178452557090177814260453675109052269334614483679629069890240,2763070248531119550821326854233193464500814479402029117435785/179138662843498312270086790775427705538772728319172741484334878
237/500,-4279696709130276846972978932669335200084794268041807991/491322424580478751197635331390148764138840836929677027440,-248922116002655385001006597811821523659857837228482782759545119371275470698483768047848863737261501133/1169634033251650919905410387985461673806686368867826146264980377444566847535645097467253855993823091609920,573874849415633165263385527401976341436048015120261895/32128234040455365889595698421900296038187143458711963266
19/40,-126494150979212944056224490789157/15175137279241708061505264262259280,231980376044931892015795227434788248585498734682243563994883/1567363437233522287576047162178139118067345201153141820270940480,20138268291997015719923893159365/992516817010840901178443946083302
119/250,-83160484463916744571221086175489702556996841105485257/10444519571685411137542783016485425601861234933609300880,152919973898601165995540525974648099301668425161745505015641089250050377475996243837902956374451821/301374998800894658826142550898439384730008316075677746112302379205593980856953514495102008430985696960,15515589502718821843023959234440074652005510108363665/683249804173855118744486652579867527897325197771417182
477/1000,-21443398743430535371298614181922872247167736017970913055028753/2825196225130443162064085515861350410306212050650926566310837520,1191368627763450297971651051413391759434442139207742269462479728578582454195614190699516509836699995943441071076549/1376687178169628005213721973775804028112818337514441459701179523961193519225492021030080867111605781987842892540034240,4643004532478912840367096290144350364913178407999687751404785/184852908504835261885956817496012656707063884988103672659760078
239/500,-9713779259462209405981746162665850958109978032019/1345504756221216320267508552505721584279969311270960,1960183976956589951339577185616397617210206303185535852234434027110942884120408950542210523/1604139038320785250920795765237265249878507899648340873572715670370867702271650396734389276480,7268826952661159502241787045375384819240569734665/264162765429205598555781902130019825316736347813982
479/1000,-19651130795426698734639808540686892861185405781408367803439577/2868679429562259266482929281105824852070472360403537898922849680,2233694363942233194237001592579697949435212436413894123804596565772168158864816878190363033681270732914597114056061/1416320218156682666126717442388136008103139795088268153262078127121524480529810079395154620132224421257611135299399360,5615585481268049434218464372647851953956339601828456983539065/187773966876864100858217749166305706026468176779220323645757502
12/25,-10651615424202276975145722347598033/1643142955852817767935206845318567220,717004319683029789719275067656347639039338956556328208736741107/371338299758534039173259783433492599466444392472176495572868210320,434154857586848106411014309280220/13447073651202386523890945009299301
481/1000,-9748808983507387818068726984294932483031052049/1593955624131515326075247828046485416507619366160,8966135129693417863909283641577674572247129969098561135023611727566674931873374667861/3926964337785079245664919591496099676330980842073564948839869852457675723801900758407360,1947834065160001607215108079206755943383151795/56203478833407332194206879483890300183215350186
241/500,-3003699233719777640940866530855109337893817801285579759/522276246959917129531166938056534256364630033183180952560,3451451471357746240764623223892300199549435425266202417875746360107054732856879744877633146593647421883/1310251905359390814296899460450005511130243108461192801484399609964028741078008258411266932685401460150080,8864094636950137921762168275355075561383002664143452985/239453539042385656119734575951807815938212515181671248638
483/1000,-15933770452867857136135861457041887250898887810185122986811793/2957470205347441249028094568346251145873018645512878560090831120,4472371267362266763084394078795039734862268103952409605962701780461375306454937313255339841014473700388543086041029/1498899389377328168038675880876051685522869056470140337179244832944233279068492406913299923033246551801510883633999040,7627778679158130430905272265957210783517315070106862985873585/193746907820533454069743427305169188607036750935984678539735118
121/250,-3888166106880658879665004743600805533320353211/773687117703858594532803305422445273811317112240,49165788591922622422622435543216953353180404573729203345568564887480491789311766408701/14755765164076673234813351301465544387420946878862496668359816438698811020531912702125760,2114635796529027349924429252248671247368237795/50695803914654528059330174468816047173106668986
97/200,-80352913722917454354144471595593824305447089993/17225503652615195461265182138927437970952125055120,51280835714243454681461954167380712307291175610101813897235488974534707445708243298599/13939559277886000659026984112167243151431326061227266057015541710653502607464571363250240,294228748788328111333240517923039370565998465/6680129871805898879464269588014414340710511022
243/500,-795096093532762292248877185242290089913192401434401648433/184673442233305060567153595129749572269078900850966795848720,93777924042459992358649710321682771111348803789016566898817162593751772805181853488658405524327057881139909/23303157641292919523517008358549833967721454075648686660630311248849542234658389453925187140881662252586907840,561342048640549380472573390265366111025411146710358584385/12105923927541868133531437530249509112047145982908032603758
487/1000,-838724246235134680279428749338614618864534860077779259/212472242833288523259084612826502375255314269210760432560,302866561565785202473413361142170049845786624205322804609833931922079486175861760197631597252136208829/69331946540732893225857813202076353771364438774693478353389670454639140117997022236712595660583243407040,678226559773578937831291944811026068581663012749699355/13931256571971425609963184396850365658933387400838918234
61/125,-7312416637885066349101398895158640305484655379/2036392005056030615714569683529862079006424193360,1491938701414067145448118332337419417533504387397698219146892934161606141884856836731043/316686173962652885240854891158643060889245003898011025558355278216971199672310725962431680,47667360513506060631364225100310393670766045285/934852033877721132593493243115199374850254159978
489/1000,-29199522938224884239185078234488193548527248742886645170079/9024292469976528916005068565188238888174504626030109556901360,490456772348162619463962320724474301590436265633053031025825955936294041213526633756630869213269022788132497643/97072403108645923622842306801930182455326591040297135022174870693476881633425370621485690026858272526417957967680,220800147093698013225881524585471503189981769881494919705785/4143723710453660940318191345556798129207502770893185346450878
49/100,-695987833565007547487425994022511535059/241510256487328001870684478510367910656560,48152827587668654225906362763297889992902484092168317951249723728056575101/8929546962423652672208680231476655028820561130129475486037631876362547757760,2641762049026119026137957861356231849065/47537169774058850189172782275698146201502
491/1000,-7948596106221739595111205542026342731244114211306720873954337/3142564550602514665273848719567329727267902533314558655487128080,9617842641437191300556966518331739012373888420265071389079102308719224448732675433010576219167775714883123544486581/1678146047008362635826129001086040002586308478763284789119598471209604235958605350851886227608758289436842590833594560,11930705445695887582008269497509230573837914251723886726771265/206233092721438189910251589052004617067839270529470135245193262
123/250,-25693850575406200050778422217877682200912387654841153/11795851614637088095778082258213913640736393232505653520,327625144191041861125516588119670774939822808447591658284070537784403163411356046008356805383639907/53986938724180763151510987473153901786923311730532037775897408244533855844907604036387416983031680320,46549791312265257593205645332142783311466523268007785/774286815577488806251680678649657437317433572073042478
493/1000,-406549528573414704652510388118801763655780755917993619/222347888146476397071003033811214835990041866054694214960,483236234153997610115101639854215197443987519346773136531892533655626579143717779234908022687372023669/75450953729956958886338332776753729402230339829847228985681621138184594566360509975290583996273974325440,910640498909001752693642352746538666534841927193013555/14598382564335259546410300174708147451163690760978919594
247/500,-782097869979254305527534492582204256614089183847261/528439729179455040597626230252808013688557014541164240,1275189992804716482762203789488600426820473607085439977206972303094273073401094938911965948981061/189215362875393111898761499872938245053893534517053952448960125275299188875899459039396217502599360,172528813377703028036503233230737026454062300458465/2669462084216299078478364610148724694182961003743022
99/200,-1752825269779231741356106607043607509290618936919/1547162747063066753612252358639638917605588428270960,501365859335838749779478989580021111430548608983277277924440857214812987420130423920469046963/70886906521068734461647802837682081487381413962984348399276451311935050972408229522465344578880,47572364879829446458599444595108840390218925168385/711387692438280456197750791106368494560867617206958
62/125,-28975249533560322889174544234831153/36808929067879524687522822568701083520,3419168402497708052745626501485095085943909262931853273831323870771/461747527255399803089987395850957780311644302977253003717369091048960,292468765354065274362651819865240655/4232187863827150083135983961110088774
497/1000,-1455891457386969530537580651665377256982555963517366390492473/3288208068701997109990320089388430873624699392816141473938962320,14124547843563666694442505501449833385469184267159640087800043900629627868116144845319803434120491880383813363589789/1825909249093632863644027025544635182147960095636168062320915432749763975623712611980724767951699673004580464095016640,15413744747861536762049122881327132775049150490998440061388185/216090230099307419886663491910904667887626830216369241357196798
249/500,-705654754055579353212634525712179174583061798932697/7080061685631912584849512939874754672376706502245390480,20985309526545658756398964794412532031180146664765292273230679592526901778997766200140082504454817/2601988994216480223390726013183635250054028657794051650196556104745501369859065353293997349921001920,202528412387056588813600408036373599309052245861985/2753778747620325310757963012780708972424742819425838
499/1000,56322959916161230031130384998337745184697470569556269/232637847004814823978540166655208208474406823257532149040,98425423371203355680810482285430669809884747289244769430367739350238450845192223352145236688640589283/11726685251598593646129184338768825196883709016171221306240884981987194961315065393371478437381177334080,1158667528899998395097694027159968433561278560857542195/15295464476605178140370812151294386390261629946586062506
1/2,1051912890243/1805658309250000,747899282044767249927121253/85766512000188366020027000000,46281794839433/593734370733550
501/1000,3123390265652908458549740952698204401580610987696258584269983/3388674941766837240052245637016669467595135953616342049034699280,17469899239944323682212470055678948527408905537318816127984966005710063631884816122411662161174067566909362429226741/1931274982070026128595210016965085003960635239107064132022986330995066408843167884063348087749440728197672756653396160,17863591421732151743626709676211102915159034351730369115180865/222905898621400592509120875420142920023508345233745799960720942
251/500,53330751014771411769484749332035835305687908683/42340790152083869629822994350593034279671461171280,711224101968987695065123387735496065178966857464111573430668277283972435429794239415676083/75903472786594029607682716023574447890301073472388066606733518438189936548319623842481142080,1605317192515259302090861150986596047317057435555/19500888424324146757410610593463091975004722957194
503/1000,16007335797910457076585952272994059618192451123025532781089/10028993790010954451082484359576281966310681822434068393760240,1145464571810057938410838119465620841552947622257457272243834310670785478393879408551615706341512617070841002027/118172393038128735003354186457381935242575159064643158233365973516235471112672994890822264837403794119987719411520,390369379395808185665261483302563439600691698269757466715065/4620183885965761380674398736387198531376500600304782439098302
63/125,1521990110455769891914578941141198144475030777387/788041390518451108036043566309047343469530156239920,66740782761088381386111886027758961271349095607882111935195482709724764146613788203382334069/6664116005811557639819951976853093309037560969203874380352764914019786971732112219975366789440,4495276352479344247395189268305809028673243866485/51875232170291450529168489437180091681815644316938
101/200,10035808697503887632700645818388212279691541/4430191951127065243299126974198485444307536560,7645127317525813680260358952768599130682670573042592755228836370787260671926124501/739698170414453046771285705529662893924077059452085659150712251986977801352820717760,77718832556572749650065985872960865149644065/875110090871082896087606564012258134194875502
253/500,557873989639471186487106977659427567684261057674491124527/214732020822711874361643556472373789251978676334775054562320,46977352253063377526216012828555733694761881330589879155037429303074272117854601168570061391363408007515827/4409060921399745976643780194516106383704093699999419233968480043390139645869226532632677632065503836414259520,1286348483178639483925933880165292884007886605598401813185/14142437603484996950715497038278230437840579440119181586798
507/1000,75320414456001663557848153784314095416040572758983/25711876582728420938239882926563866611841026546619280,204938948779762982778344240143378067790555207019830447151366552490510149511647994072474245215821/18677103575780462036363486929715487609095364174539525054421049625955568302790978588899701166176960,157686375255051173433812998911838018777708543915865/1693832634280618691803583377790431564315616044258942
127/250,3022119893539697976191800898664506782785250421/927164684437391870837759313353699031788183421360,233384495514159624619646988193116095506351885500090801173803386266158008563749222305709/20672710819375503199040481842459493044497495119583507403866786879566338705038897032795840,5817667655221172179287421376389815462320894755/61094702379934343541213284620844710338008074554
509/1000,37641485465415834404220878261691103904069472511696144907241/10489806617074858357896565421659860464673588175728082812552560,1491306298442340558476437382603235658410758477542293896647248138383845136924048332760478389374562358858119200883/128505356803961504167504205999435093007878330509197142633430044092528290541458903804965053614997720043107007350080,471123861257205763118801454358948504446528005788701361177985/4839748922819249593657296773754241736499342423447914464478638
51/100,413858499432214961722479784830624665274228681/105684487587213756298305952447810235547390350960,15532000102858461939308986571780230499164037234503459746515341656577057588145292778163/1303097639720931229799139736241589690532109946407464170395190876048991087776980724418880,4850810309814920596411497889096083039353698385/48772825479992933454919026820525229670549978958
511/1000,37805744056425145099020455820694220480496957677989/8911578695525743974746196402681726249003435335544240,111980820430488023110651408169576759496782052476710199389286804921658049015028151107809760417/9154491269939554240360870176164212236317219993685554716041577381088275109900863701362394217920,353164777889892021676808026902733656837401375555/3477351313841977438365616669073346744174522509194
64/125,58306282754676266850608190775095267771376323/12765751572782221562827038266699470166122016180,10881290460058287843277162840977176344366890460630040999303711031525551179303339903/867439100235401801294080723456383601730638463137270291571468017208233655356759755280,10910626143697584824187186765014521584988180/105256688119426542292752621679427660121983669
513/1000,18131820935802074172596645646214974123745027869520663097946087/3707004825453273014703132399213445552578165374914777425532011920,4193530066197600299294099379704222419350495145617818955482269317644911984253090404121577554863130365770076792432667/326224148615515139117001701692164020128716550857751308886970340481365038857399073350892202079502522268116976377817920,25863622738829126106425197395714206005480768041720941292004985/244584985257549747554202377437512906283521676269164476383090238
257/500,82827638181557522665995787070865645514213293035381/15886168434279247384450332115378698491998567131414960,19855166190462685109642888776758231823487064642560632770454861169160292547972611955722438762669/1508278016096353756583512550432397832025151001670192163592252191466897161470331184401738625525440,113046334046895679918788719317200071214439911238555/1048430900850309823529859199837658632065220063149594
103/200,3412254475155718269825455317909373139823461209591127/616467797044512460571692485414045596386442168723442320,21228377623732172301308928724052001791729829926682034323341267838672113369150430636051853059244589/1575706131281536048209786471223653368676861482239577050140630907405775043248376790665664447825576640,4472244347136941704131087174085650235566873246378185/40695436885475498256104552588089325826920664403312798
129/250,241065394353474712716838022736563637276492716774961/41170558106479607810028703425781661885920535990827760,433417675777776886333384758562529000263768082420377430001582822772190302440317783802592835859323/31454365274636408518682745455731377880875717455744733837405692807408937491120527916270215778204480,2130553341461326622376801762904044096589757581569185/19029853437107723190450140931892686768772208536641598
517/1000,532319143488254288871199257980643248268616883180723/86217091564267317661343638032233924017749373236457680,155973882479743421154994928208689584545980523789305691131936739623696239783508975316817797408581/11073750142148920261081500858681119775159442055889588407106122844472538222018938267844884298554560,13634366189466366221406037118528095083755499554626865/119585712498381824676033045745891797378308464810577742
259/500,1524481147000873733777539658327645693076099616525209711663/234830615782033587815534447434763540475436918042955675928080,524879827897056749687577673948875501388673413431277744578250472502700947647405592549066465767388066701964581/36476409747078882985682495916232882770976316560319403746482695532579302810272456514031168082896767341591994560,1800615261259379347858238394295929301666378692398639671265/15514507115554064988881847529953274507941005591463398313262
519/1000,26389752013729345487229857150508543413909251092839003787857943/3876129421309059729491243265757966904031070581781457095284532880,36469187300117006752752557228092728244317920445680351252269538408166418167693019983119359918458105194458172757565421/2482089785482285135604504458522693829498627454029062416046392546522741986181436755031032702112137794560593908247392960,30251317546886831126255415124951953147868855580265229249494665/256152627812924289925970869740857867283823412135307868753821982
13/25,194508078588466342978076837/27305127001972839257257939920,3795797370976648886038927249606811148431447413003/253135577033110301937066486060663396937992511769280,16678955786006101126993095/138841506547926492424147726
521/1000,29259489084145790433074896551801336752523758097747672959802423/3934040594150200990668831520736490661146235023240358251088449680,39033687707244170492692420822554703108266489831093681478672537123514879298319880755700608368604577271871630398802061/2551869640611025593146685600373378124428585098390351036912710375894889314012146185677524816952764462520715611200199360,31774367944680733002458092743280278288750986032972637197089065/260121270998764537394405324028697636117584885391785432404097502
261/500,1874803732088418067833437409714996841948634180459661411903/241899994899094413590543518934552176173552322924593950366480,601319739967784044934946886899253296619407688149478763430608695728146216686342840168470497998435611600982901/38556187728662360345229662793600137720992544903748577820550617975644375076712941246402967739389587131692397760,1986541786991353654527907580991833280478283853801729308465/15998972281603509493311861218450590444532456947971348123022
523/1000,6540287970523862328483341379613453481276610429717547/811255415936100982275201257117405996938931127253085520,108455074114815617714800657877622035996379097322804036552975385410206582801227700215394683413779187/6823399389461479950450850012787207069154139158802028379317442082621947475093688255387841409459533120,6771770024027335425139602743967879637744954284551285/53670255563837876976507932832455226419925348428902278
131/250,12806277238389027811951840007477663715227882841/1529592294675502434140407623036499883115235848560,53660772653248388927217913571243364787750501771885795493711876216029352641106176451711/3314017485288126331576305211346516220650744718852393793606788803590266291506923377143360,76768016332400553341722437449812279279960295/598942996694817749496595477893562512165671986
21/40,944346695429351313863951977646909312365023/108776057913597613331292139290386289892171280,20028025302708150317305496653398889851707016957461030736470480752762832452067381/1214675297410204410776985053537312986681052437585303485218961994946891267285024960,937216983818268353891489135231334084292865/7200305147841239459871309984802406171965102
263/500,156100122561795017243798007473050049949699506836741/17364521482164984706980299643083621556983297409232560,29895859948818078816639912850959713289102947922851126710291510802654326219289288112786134044829/1781261001442097622593318863122867308711034059084819156063968155582930625092692530836880040207040,151935205470146986429524428221577522619332871349355/1149746519385381327705652797947364670686473454138234
527/1000,38231802287292266471600932167340055558923274629489264695861447/4112515302326328349528224520230223796768821426824415313392069520,6764391799021512682961171843033723522464366924712283670480326682732999188096255939896610680073861852343953342085307/396098653245754257046352849974834915656005667344667506717731642071388642239441113496448161036741570514183599230784320,36531662594171024341336583250969003072327723420317354034285785/272376179228216081904733246155101493033209349190159833030314878
66/125,2208304177304322332050969417840260373461731403/229980765807696748044254183457118848630634496480,4815231733790134606123417888591547536552686387425994003051123055667787782815054768483/277209017835473113164071946276065655104489218799156689620310178699981013760532989406080,518371805027527958249278547360245432990817585/3809044494415632863841450135033566151682690318
529/1000,2881507588256470846462298866830492500884645489737522389/290866715477979798549148860134396563765939959645917208240,2200577465986842225171379353754150670998514826008205965128158403451547293836473949694869540291079592301/124593089339423943285867052749213667473748951166887146472072895862529285789011329088547912079266582061760,2660953639116731244185145230733601157229576752716830795/19275341492337642458633684834103764568642993002614043386
53/100,1251532117315213083537552492787294347891469689/122579574164264253706938837477251828124332240240,4409803586533658702471769825388469852209780054984840851647750665659018763012256979461/245634692841887696488620573872910987749977281506975325087899715212485564941067684487360,7963097823993748519908238315278026374465620065/56878526843390813392571874880704495760109216302
531/1000,129809283701133645823793584434094398849335248651533368299401/12348531312155626483433930871001774401350515881680817132898160,3180159302017210067630640515203432747635306471416815514134037260395331649427853674819753551851991903715048352403/174330464240497267908432513840262315340149802117220405219543731430924671214744565021916010534317419625989583785280,813569341294036680780001113644834213242390252618383209471585/5731526124674847418783052630058683412668960339927549254913518
133/250,1330928355149088405500589294465731191108720789/123084464161520476555072334299478768292734232240,6596166501531789275129005220588119778009643065886704831940149384816309412966396525269/355963761232441780162305883374892600877108880976060372320525476681577957198116442421440,3523847460828759991235009449234968304431343385/24491013485290541641262205455220904013644010958
533/1000,128650402192210395965541411211005013813211991856669941099/11576586807137456942577252866624391820310844841629831701840,411108124277383809167941264293951018074441755319689231194448727743188918261429449522411609371915228273421/21846964470570395926003739697941067328012043959993405522090103353412948414651309930920547748057267700832960,8614705220543684457401721502515270778376369278560285065/59080664487307955729536709168826251195346681502018454302
267/500,3015905514048121739705659678145917403881714345318981986207/264282270783382889758322400765526817842918760214016697231120,124176600583648328613509542289639307219913269092732419134476568339919300180262051494053119135757270443942147/6500133862675770611898079002557013975911373954720610310645963143917633421336294942585549811920595463616742720,2591100243704699785892449874978700185106284840047522073585/17538915565737447462706644622555015591469667572339880495118
107/200,583184824515629697079849049695414634895999581/49805533279047228389873342194378828990159974960,1760779110743805587016992223334061212226952010546323288307443425565778098842091932869/90814935141572586822127497126448005126100669781611782831270039109201226402971809205440,494779792998075485715432010845676050733543555/3306278283374608302272319329449371263700195594
67/125,11994680596131223535967082215390121467046407959907/999086293396006779917078039675288638349155402643120,204296651666303358930428729814998790776699129735922188870845659055593124223496065904536307629/10384888755470984796913611853062856845571890454491340374941524648813274075366600347482141535040,10054571291472442587499344073320513491134300957085/66342601127453154507810232552268628320448024039418
537/1000,5557983485882065696467581452235450815513617010015238769/451834586087586208186030553143355731303085176643063629040,356273512715746760351483963722975354786741592548937087990440526051329521512613751900097549633850963479/17853642108965819311043158823278581701826020629605778767848133450182494594135014868124882184341403391040,190760413423814826202990396241359096837028157670631585/1243107147228402525301845801078938166408312094917041518
269/500,696460728135302533668080037015869994897460431643/55296309195090646757159766792529555048559534444880,2530157490280111817075460844414255295607251980170470521407615355872011414415470217361293923/125027158263769961216064049456366378528798576112145045178766849521702891508735826725930460480,3995229920210271859576287969816613907013813147155/25718212391543121792319269825694564024485621826474
539/1000,57889143789719898087142850193718153865466889583871606163074303/4491680900922847793639134523013705311855663486508504917958590480,67104401264625276137789617366882371325418912334866790121120256392046508643084648551380067570830054469763207281510101/3270609284701813685020342031218765487640771767064919650086238905294402075496508520435191761757790743539143289655789760,46937757478672079823396379744049517332142201124092937425650465/298527880102564801575118243727719548636428293297332429928896622
27/50,36398296518482654698079859663375948270312447/2761637529779701529355582408692326253766133520,10275478257079896685852609534884254655112286777724955661266189695061751417380548149/494088297168996317393729245468422958034709093585264990922093548187559585318401922240,29212183534092338999464540351884995100747785/183599989738408000392147790956939683205018478
